sent_id,observation_id,common_name,text,SPECIES,BEHAVIOR,HABITAT,notes,annotator,confidence
191709309_0,191709309,Marsh Rabbit,"Class Mammalia; presence of fur Order: Lagomorpha; the elongated hind limbs, saltatory locomotion, and large ears indicate this order The rabbit was found on a warm, partly cloudy day at Sweetwater wetlands park in a bush mid way through the trail.",rabbit,found,park; trail,,,
211342217_0,211342217,Domestic Rabbit,"not sure if this counts as captive or wild; these (presumably escaped abandoned) bunnies seem to be doing fine in the neighborhood for several months now Domestic Rabbit (Oryctolagus cuniculus domesticus) observed at Derby Ln, Weston, FL, US.",Rabbit,observed,neighborhood,,,
199605497_0,199605497,Common Raccoon,"(Deceased) what the heck is this ?? my best guess is a coatí or an albino raccoon - but we were not able to see the face but you can see it s ear Common Raccoon (Procyon lotor) observed at Jonathan Dickinson State Park, Hobe Sound, FL, US.",Common Raccoon; raccoon; Procyon lotor,observed,Park,,,
222893779_0,222893779,Florida Manatee,"Many Florida Manatees spotted munching on sea grass in the Florida Bay side of the Flamingo Marina in Everglades National Park Florida Manatee (Trichechus manatus latirostris) observed at Everglades National Park, Monroe County, US-FL, US.",Florida Manatee; Trichechus manatus latirostris,spotted; observed,Everglades; Bay; Park,,,
146804960_3,146804960,Tri-coloured Bat,"Check out the Bat Spectrogram project here: More info about how to view spectrograms on Kaleidoscope (free software by Wilfelife Acoustics) here: Tri-coloured Bat (Perimyotis subflavus) observed at Everglades National Park, US-FL, US.",Bat,observed,Everglades; Park,,,
182952357_4,182952357,Florida Manatee,"It moved with strong tail paddles when travelling up and down the river, but while foraging used its front flippers to manoeuvre. reference - Florida Manatee (Trichechus manatus latirostris) observed at Volusia County, US-FL, US.",Florida Manatee; Trichechus manatus latirostris,observed; foraging,river,,,
189393695_3,189393695,Eastern Gray Squirrel,"Info: It is native to eastern North America, where it is the most prodigious and ecologically essential natural forest regenerator ( ) Eastern Gray Squirrel (Sciurus carolinensis) observed at Amelia Earhart Park, Hialeah, FL, US.",Sciurus carolinensis; Eastern Gray Squirrel,observed,forest; Park,,,
213148643_0,213148643,Virginia Opossum,"DOR Virginia opossum; pp254; good condition; 10:11; removed from road About a dozen dumped fish nearby Virginia Opossum (Didelphis virginiana) observed at Dagny Johnson Key Largo Hammock Botanical State Park, Key Largo, FL, US.",Virginia opossum; Virginia Opossum; Didelphis virginiana,observed,Park; road; Hammock,,,
247835084_0,247835084,Eastern Gray Squirrel,"5:07, Thursday 10 17 24, Mostly sunny with some clouds in the sky, Slight breeze, 72 degrees Fahrenheit Eastern Gray Squirrel (Sciurus carolinensis) observed at University of Central Florida Arboretum Trail, Orlando, FL, US.",Sciurus carolinensis; Eastern Gray Squirrel,observed,Trail,,,
184611904_0,184611904,Eastern Gray Squirrel,"Observed for the Home River BioBlitz 2023 Project for the Miami River s observations: Main project with all participating rivers: Eastern Gray Squirrel (Sciurus carolinensis) observed at Grapeland Heights, Miami, FL, USA.",Sciurus carolinensis; Eastern Gray Squirrel,Observed; observed,River,,,
154754636_0,154754636,Wild Boar,"It s really honestly trashy pictures but it is one hundred percent a wild boar two juveniles crossed the road and we re in the bushes Wild Boar (Sus scrofa) observed at Canaveral National Seashore, Edgewater, FL, US.",Sus scrofa; Wild Boar; wild boar,observed,road,,,
182967047_5,182967047,Eastern Gray Squirrel,"Geographically, squirrels are known to reside in urban, grassy areas in every continent except Australia and Antartica. references: Eastern Gray Squirrel (Sciurus carolinensis) observed at Historic Old Northeast, St.",Sciurus carolinensis; Eastern Gray Squirrel,observed,urban,,,
184859832_0,184859832,Virginia Opossum,"Observed for the Home River BioBlitz 2023 Project for the Miami River s observations: Main project with all participating rivers: Virginia Opossum (Didelphis virginiana) observed at Grapeland Heights, Miami, FL, USA.",Virginia Opossum; Didelphis virginiana,Observed; observed,River,,,
200471798_0,200471798,Eastern Woodrat,"I found this little guy walking around in my backyard and followed him to his burrow, which might have been flooded from the rain yesterday Eastern Woodrat (Neotoma floridana) observed at Brooksville, FL 34614, USA.",Eastern Woodrat; Neotoma floridana,walking; observed; found,backyard,,,
184878265_0,184878265,Eastern Gray Squirrel,"Observed for the Home River BioBlitz 2023 Project for the Miami River s observations: Main project with all participating rivers: Eastern Gray Squirrel (Sciurus carolinensis) observed at Allapattah, Miami, FL, USA.",Sciurus carolinensis; Eastern Gray Squirrel,Observed; observed,River,,,
220484729_0,220484729,Eastern Cottontail,"this little guy found our rosebush and thought it would be a tasty snack! it s okay, peter rabbit is safe in this garden :) Eastern Cottontail (Sylvilagus floridanus) observed at Porpoise Cove, Cocoa Beach, FL, US.",rabbit; Sylvilagus floridanus; Eastern Cottontail,observed; found,garden; Beach,,,
241393348_2,241393348,Eastern Gray Squirrel,"My apartment complex parking lot I was on my way home from class and spotted this squirrel hanging out in the parking lot :) Eastern Gray Squirrel (Sciurus carolinensis) observed at Alachua, Florida, United States.",Sciurus carolinensis; squirrel; Eastern Gray Squirrel,spotted; observed,parking lot,,,
157912866_0,157912866,Mexican Long-nosed Armadillo,"- Part of the skeletal structure - See additional photo - City Nature Challenge 2023, South Florida Mexican Long-nosed Armadillo (Dasypus mexicanus) observed at Okeeheelee Nature Trails, West Palm Beach, FL, USA.",Mexican Long-nosed Armadillo,observed,Beach,,,
212769194_0,212769194,Marsh Rabbit,"not sure if wild or a pet ? they are somewhat skittish but mostly okay with people and will come right up to sniff or lick you Marsh Rabbit (Sylvilagus palustris) observed at S Atlantic Ave, Cocoa Beach, FL, US.",Marsh Rabbit; Sylvilagus palustris,observed,Beach,,,
239516888_0,239516888,Mexican Long-nosed Armadillo,"Lake Monroe Conservation Area, Brickyard Slough, Volusia County, August 2024 Mexican Long-nosed Armadillo (Dasypus mexicanus) observed at Lake Monroe Conservation Area, Brickyard Slough, Volusia County, FL, USA.",Mexican Long-nosed Armadillo,observed,Slough; Lake,,,
254810215_0,254810215,Virginia Opossum,"DOR Virginia opossum near PP 146; fresh but bad condition; removed from road at 9:00am Virginia Opossum (Didelphis virginiana) observed at Dagny Johnson Key Largo Hammock Botanical State Park, Key Largo, FL, US.",Virginia opossum; Virginia Opossum; Didelphis virginiana,observed,Park; road; Hammock,,,
194575718_0,194575718,Virginia Opossum,"Virginia opossum, DOR 8:20, collared by CLNWR, good condition, taken off road PP150 Virginia Opossum (Didelphis virginiana) observed at Dagny Johnson Key Largo Hammock Botanical State Park, Key Largo, FL, US.",Virginia opossum; Virginia Opossum; Didelphis virginiana,observed,Park; road; Hammock,,,
218885832_0,218885832,Virginia Opossum,"DOR PP 188; suspected collared OP, collar found about 10ft away; moderate condition Virginia Opossum (Didelphis virginiana) observed at Dagny Johnson Key Largo Hammock Botanical State Park, Key Largo, FL, US.",Virginia Opossum; Didelphis virginiana,observed; found,Park; Hammock,,,
199060980_0,199060980,Mexican Long-nosed Armadillo,"Park ranger noticed injuries and is going to notify someone about getting it checked out Mexican Long-nosed Armadillo (Dasypus mexicanus) observed at Paynes Prairie Preserve State Park, Gainesville, FL, US.",Mexican Long-nosed Armadillo,observed,Paynes Prairie; Park,,,
220700662_0,220700662,Marsh Rabbit,"I m pretty sure this is the same Marsh rabbit from this observation, taken earlier this same day: Marsh Rabbit (Sylvilagus palustris) observed at Johnson Beach National Seashore, Perdido Key, FL 32507, USA.",Marsh Rabbit; Sylvilagus palustris; Marsh rabbit,observed,Beach,,,
200461550_0,200461550,Common Raccoon,"Striped tail Fur has different shades of brown Tail is stripped Black around eyes Hiding in bushes Found in forest area Common Raccoon (Procyon lotor) observed at Ocala National Forest, Fort McCoy, FL, US.",Common Raccoon; Procyon lotor,Found; observed,Ocala National Forest; forest,,,
154753448_0,154753448,Florida Manatee,"In groups I recommend to rent kayaks at Gulf Islands National Seashore possibly even 175 individuals are said to live in the area Florida Manatee (Trichechus manatus latirostris) observed at Florida, US.",Florida Manatee; Trichechus manatus latirostris,observed,Gulf,,,
191396408_5,191396408,White-tailed Deer,"White-tailed Deer (Odocoileus virginianus) observed at Florida, Hernando, Chassahowitzka Wildlife and Environmental Area, 3 Bridge Road north and northeast of the junction with Thunder's Crossing Road.",Odocoileus virginianus; White-tailed Deer,Crossing; observed,Road,,,
254950954_2,254950954,Coyote,"More info about the Hole-in-the-Donut: Hole-in-the-Donut project on iNaturalist: All of our observations from this full day of field work: Coyote (Canis latrans) observed at Miami-Dade County, FL, USA.",Coyote; Canis latrans,observed,field,,,
147582402_0,147582402,Southern Flying Squirrel,"During Moonlight Stroll Event (listen for the squeaks in between the noisy people) Erna Nixon Park Southern Flying Squirrel (Glaucomys volans) observed at 1200 Evans Rd, West Melbourne, FL 32904, USA.",Squirrel,observed; Flying,Park,,,
190233849_0,190233849,Eastern Gray Squirrel,"Eastern Gray Squirrel DOR 2:20 good condition, PP148 removed from road Eastern Gray Squirrel (Sciurus carolinensis) observed at Dagny Johnson Key Largo Hammock Botanical State Park, Key Largo, FL, US.",Sciurus carolinensis; Eastern Gray Squirrel,observed,Park; road; Hammock,,,
221799152_0,221799152,Virginia Opossum,"DOR Virginia Opossum at PP201; good condition; removed from road 8:41 am Virginia Opossum (Didelphis virginiana) observed at Dagny Johnson Key Largo Hammock Botanical State Park, Key Largo, FL, US.",Virginia Opossum; Didelphis virginiana,observed,Park; road; Hammock,,,
253364041_2,253364041,Florida White-tailed Deer,"More info about the Hole-in-the-Donut: All of our observations from this full day of field work: Florida White-tailed Deer (Odocoileus virginianus seminolus) observed at Miami-Dade County, FL, USA.",Odocoileus virginianus; White-tailed Deer,observed,field,,,
181395417_0,181395417,Coyote,"claws present, dogs are not allowed here and tracks were not seen elsewhere, and I ahve seen coyotes here before on this side of the park Coyote (Canis latrans) observed at Orange County, FL, USA.",Coyote; Canis latrans,observed; seen,park,,,
194696090_0,194696090,Eastern Cottontail,"Brown in color, about a foot long, they were pretty calm when I came over but soon after ran away, Eastern Cottontail (Sylvilagus floridanus) observed at Disney's Riviera Resort, Bay Lake, FL, US.",Sylvilagus floridanus; Eastern Cottontail,observed,Lake; Bay,,,
197223218_0,197223218,Eastern Gray Squirrel,"Florida day 3: Tate s Hell: Cash Creek High Bluff Coastal Trail: inaturalist.org calendar lincolndurey 2023 11 5 Eastern Gray Squirrel (Sciurus carolinensis) observed at Carrabelle, FL 32322, USA.",Sciurus carolinensis; Eastern Gray Squirrel,observed,Trail; Creek,,,
197339167_0,197339167,Eastern Gray Squirrel,"This squirrel was walked around in a parking lot on people s cars, it was tiny, fast and had a really long tail maybe about 3 feet long Eastern Gray Squirrel (Sciurus carolinensis) observed at St.",Sciurus carolinensis; squirrel; Eastern Gray Squirrel,observed,parking lot,,,
158438599_0,158438599,White-tailed Deer,"- Male, 8-point buck - See additional photos - City Nature Challenge 2023, South Florida White-tailed Deer (Odocoileus virginianus) observed at Okeeheelee Nature Trails, West Palm Beach, FL, USA.",Odocoileus virginianus; White-tailed Deer,observed,Beach,,,
169282627_0,169282627,Eastern Gray Squirrel,"Observed as part of work with the Tampa Audubon Society at Lettuce Lake Park. eBird Checklist: Eastern Gray Squirrel (Sciurus carolinensis) observed at 6920 E Fletcher Ave, Tampa, FL 33637, USA.",Sciurus carolinensis; Eastern Gray Squirrel,Observed; observed,Lake; Park,,,
188265012_0,188265012,Virginia Opossum,"Virginia Opossum DOR 11:20am, good condition, removed from road PP224 Virginia Opossum (Didelphis virginiana) observed at Dagny Johnson Key Largo Hammock Botanical State Park, Key Largo, FL, US.",Virginia Opossum; Didelphis virginiana,observed,Park; road; Hammock,,,
248839681_0,248839681,Eastern Gray Squirrel,Visual has a bushy tail with grayish-brown fur habitat: woodland and urban areas in North America reference: Eastern Gray Squirrel (Sciurus carolinensis) observed at university of south florida.,Sciurus carolinensis; Eastern Gray Squirrel,observed,woodland; urban,,,
202080595_0,202080595,North American River Otter,"To swimming east in Joe s creek right at the intersection of where drainage ditch enters Joe s Creek North American River Otter (Lontra canadensis) observed at 43rd Ave N, Kenneth City, FL, US.",North American River Otter; Lontra canadensis,swimming; observed,creek; ditch; Creek,,,
203586697_0,203586697,White-tailed Deer,"If you want some actual good wildlife photography follow me gavinthewildlifeguy on Instagram and YouTube White-tailed Deer (Odocoileus virginianus) observed at 45th St, West Palm Beach, FL, US.",Odocoileus virginianus; White-tailed Deer,observed,Beach,,,
206409007_0,206409007,Virginia Opossum,"Virginia Opossum DOR; good-ish condition; 8:11 am; removed from road Virginia Opossum (Didelphis virginiana) observed at Dagny Johnson Key Largo Hammock Botanical State Park, Key Largo, FL, US.",Virginia Opossum; Didelphis virginiana,observed,Park; road; Hammock,,,
244761257_0,244761257,White-tailed Deer,"In a natural area where there is no hunting. 10 pointer - rare sight Loxahatchee Slough, PBC, FL White-tailed Deer (Odocoileus virginianus) observed at Loxahatchee Slough Natural Area, FL, USA.",Odocoileus virginianus; White-tailed Deer,hunting; observed,Slough,,,
157655184_0,157655184,Florida Manatee,"Did not pursue or attempt to interact with the manatee - just photographed it within the designated park swimming area Florida Manatee (Trichechus manatus latirostris) observed at Florida, US.",manatee; Florida Manatee; Trichechus manatus latirostris,swimming; observed; photographed,park,,,
167522284_0,167522284,Eastern Gray Squirrel,"Deuterostome; Western Gray Squirrel observed in Lettuce Lake Park at 12:42pm on 6 13 23 Eastern Gray Squirrel (Sciurus carolinensis) observed at Lettuce Lake Conservation Park, Tampa, FL, US.",Gray Squirrel; Sciurus carolinensis; Eastern Gray Squirrel,observed,Lake; Park,,,
256542099_0,256542099,Eastern Mole,"Long convex trail with a fork running across a sand dune - hump about two inches across and about seven feet long Eastern Mole (Scalopus aquaticus) observed at Melbourne Beach, FL 32951, USA.",Eastern Mole; Scalopus aquaticus,observed; running,Beach; trail,,,
152983166_2,152983166,Domestic Cat,"My cat is harness trained so I took him out there to compare and the size is pretty close so it s probably a house cat Domestic Cat (Felis catus) observed at Lake McCoy, Lake Placid, FL, US.",cat; Felis catus; Domestic Cat,observed,Lake,,,
187097775_0,187097775,Eastern Gray Squirrel,"Hog Hammock amp; Promontory Trail - Grassy Waters Preserve, PBC, FL Eastern Gray Squirrel (Sciurus carolinensis) observed at Hog Hammock & Promontory Trail, Grassy Waters Preserve, FL, USA.",Sciurus carolinensis; Eastern Gray Squirrel,observed,Trail; Hammock,,,
197460947_0,197460947,Virginia Opossum,"Virginia Opossum DOR 9:09, bad condition PP222 removed from road Virginia Opossum (Didelphis virginiana) observed at Dagny Johnson Key Largo Hammock Botanical State Park, Key Largo, FL, US.",Virginia Opossum; Didelphis virginiana,observed,Park; road; Hammock,,,
145998947_0,145998947,Common Raccoon,"Observed walking out of the mangroves Weather was sunny, around 60 degrees Around the size of a dsh cat Common Raccoon (Procyon lotor) observed at Eckerd College, Saint Petersburg, FL, US.",cat; Common Raccoon; Procyon lotor,Observed; walking; observed,mangroves,,,
203969967_0,203969967,Virginia Opossum,"PP 29, DOR, fresh - body not yet stiff, good condition and a very large thick opossum, moved off of road Virginia Opossum (Didelphis virginiana) observed at North Key Largo, FL 33037, USA.",Didelphis virginiana; Virginia Opossum; opossum,observed,road,,,
163891731_0,163891731,Eastern Gray Squirrel,"Wanted to make sure this wasn t a fox squirrel because this thing was disgustingly large Eastern Gray Squirrel (Sciurus carolinensis) observed at Roberts Blvd, Fort Walton Beach, FL, US.",fox squirrel; Sciurus carolinensis; Eastern Gray Squirrel,observed,Beach,,,
150584154_0,150584154,Eastern Gray Squirrel,"Found in a small park near the beach with palm, oak, and other trees that I observed the squirrel eating seeds from Eastern Gray Squirrel (Sciurus carolinensis) observed at Florida, US.",Sciurus carolinensis; squirrel; Eastern Gray Squirrel,Found; observed; eating,park; beach,,,
159146785_0,159146785,Virginia Opossum,"Good condition. 0845 Virginia Opossum (Didelphis virginiana) observed at Dagny Johnson Key Largo Hammock Botanical State Park, County Rd 905 & Mile Marker 106, Key Largo, FL 33037, USA.",Virginia Opossum; Didelphis virginiana,observed,Park; Hammock,,,
247055319_0,247055319,Eastern Gray Squirrel,"Small brown squirrel with slender body, bushy tail and large black eyes Eastern Gray Squirrel (Sciurus carolinensis) observed at North Anclote River Nature Park, Tarpon Springs, FL, US.",Sciurus carolinensis; squirrel; Eastern Gray Squirrel,observed,River; Park,,,
251456345_0,251456345,Virginia Opossum,"PP 131 DOR, fresh but in horrible condition, moved off road Had old scar from ear tag when very young Virginia Opossum (Didelphis virginiana) observed at North Key Largo, FL 33037, USA.",Virginia Opossum; Didelphis virginiana,observed,road,,,
251848377_0,251848377,Key Deer,"Florida Keys National Wildlife Refuges Nature Center, Marathon, Big Pine Key, Monroe County, FL Key Deer (Odocoileus virginianus clavium) observed at Big Pine Key, Big Pine Key, FL, US.",Key Deer; Odocoileus virginianus clavium,observed,Florida Keys,,,
256180401_0,256180401,Eastern Gray Squirrel,"This one is more orange then I ve ever seen one be but he hangs out around our porch s trees Eastern Gray Squirrel (Sciurus carolinensis) observed at Paddington Ln, Spring Hill, FL, US.",Sciurus carolinensis; Eastern Gray Squirrel,observed; seen,Spring,,,
150339008_1,150339008,Eastern Gray Squirrel,"Rotund body with small head and small pointy ears Seen at Lettuce Lake Park in the swamp habitat Eastern Gray Squirrel (Sciurus carolinensis) observed at E Fletcher Ave, Tampa, FL, US.",Sciurus carolinensis; Eastern Gray Squirrel,observed; Seen,swamp; Lake; Park,,,
156114057_0,156114057,Eastern Gray Squirrel,"Observed on a birding trip at Lettuce Lake Park with neil712 . eBird Checklist can be found here: Eastern Gray Squirrel (Sciurus carolinensis) observed at Hillsborough County, FL, USA.",Sciurus carolinensis; Eastern Gray Squirrel,Observed; observed; found,Lake; Park,,,
152469321_0,152469321,Wild Boar,"No, that isn t a pigfish hunting for food in the shallows, it s a boar s head in the Black Creek. (unfortunately not the deli meat) Wild Boar (Sus scrofa) observed at Goulds, FL, USA.",Sus scrofa; boar; Wild Boar,hunting; observed,Creek,,,
158437318_0,158437318,White-tailed Deer,"- Female - See additional photos - City Nature Challenge 2023, South Florida White-tailed Deer (Odocoileus virginianus) observed at Okeeheelee Nature Trails, West Palm Beach, FL, USA.",Odocoileus virginianus; White-tailed Deer,observed,Beach,,,
173855573_0,173855573,Eastern Gray Squirrel,"I don t know how this is my first photo of a squirrel on here but I got lucky in Miami Eastern Gray Squirrel (Sciurus carolinensis) observed at South Pointe Park, Miami Beach, FL, US.",Sciurus carolinensis; squirrel; Eastern Gray Squirrel,observed,Beach; Park,,,
200147080_0,200147080,Virginia Opossum,"Not that common in this neighborhood they re about as common as a peregrine falcon in this neighborhood Virginia Opossum (Didelphis virginiana) observed at NE 56th St, Miami, FL, US.",Virginia Opossum; Didelphis virginiana,observed,neighborhood,,,
150921481_0,150921481,White-tailed Deer,"4 in a family with two smaller ones foraging along roadside in park White-tailed Deer (Odocoileus virginianus) observed at Kissimmee Prairie Preserve State Park, Okeechobee, FL, US.",Odocoileus virginianus; White-tailed Deer,observed; foraging,Park; park; Prairie,,,
168228007_0,168228007,Sherman's Fox Squirrel,"I don t know what this was but it wasn t a squirrel unless it was the king of squirrels Sherman's Fox Squirrel (Sciurus niger shermani) observed at Barclay Ave, Spring Hill, FL, US.",Fox Squirrel; squirrel; Sciurus niger,observed,Spring,,,
184907815_1,184907815,Wild Boar,"Difficult to tell shape without movement but this is the best I can upload unfortunately Wild Boar (Sus scrofa) observed at San Felasco Hammock Preserve State Park, Alachua, FL, US.",Sus scrofa; Wild Boar,observed,Park; Hammock,,,
188399667_0,188399667,Common Raccoon,"Common raccoon DOR 12:50, good condition removed from road, PP239 Common Raccoon (Procyon lotor) observed at Dagny Johnson Key Largo Hammock Botanical State Park, Key Largo, FL, US.",Common Raccoon; Procyon lotor; Common raccoon,observed,Park; road; Hammock,,,
189461754_0,189461754,Common Raccoon,"Common raccoon, DOR 8:50, good condition PP198, removed from road Common Raccoon (Procyon lotor) observed at Dagny Johnson Key Largo Hammock Botanical State Park, Key Largo, FL, US.",Common Raccoon; Procyon lotor; Common raccoon,observed,Park; road; Hammock,,,
208780608_0,208780608,Common Raccoon,"DOR common raccoon pp244; 5:22; good condition; removed from road Common Raccoon (Procyon lotor) observed at Dagny Johnson Key Largo Hammock Botanical State Park, Key Largo, FL, US.",Common Raccoon; Procyon lotor; common raccoon,observed,Park; road; Hammock,,,
159476260_0,159476260,Marsh Rabbit,"- See additional photo - City Nature Challenge 2023, South Florida Marsh Rabbit (Sylvilagus palustris) observed at Green Cay Nature Center & Wetlands, Boynton Beach, FL 33437, USA.",Marsh Rabbit; Sylvilagus palustris,observed,Beach,,,
171054383_0,171054383,White-tailed Deer,"Deer hoof print observed during a short hike at Price s Scrub State Park in Micanopy near Gainsville White-tailed Deer (Odocoileus virginianus) observed at Micanopy, FL 32667, USA.",Deer; Odocoileus virginianus; White-tailed Deer,observed,Scrub; Park,,,
220880821_0,220880821,Common Raccoon,"DOR raccoon at PP 176; good condition; removed from road 9:35am Common Raccoon (Procyon lotor) observed at Dagny Johnson Key Largo Hammock Botanical State Park, Key Largo, FL, US.",Common Raccoon; raccoon; Procyon lotor,observed,Park; road; Hammock,,,
163763533_0,163763533,Mexican Long-nosed Armadillo,"The first of six armadillos I saw at Blue Spring (and the first I ve ever seen in the wild!!!) Mexican Long-nosed Armadillo (Dasypus mexicanus) observed at Eustis, FL 32736, USA.",Mexican Long-nosed Armadillo,observed; seen,Spring,,,
200911000_0,200911000,Common Raccoon,"Common Raccoon DOR 10:10 bad condition, removed from road, PP8 Common Raccoon (Procyon lotor) observed at Dagny Johnson Key Largo Hammock Botanical State Park, Key Largo, FL, US.",Common Raccoon; Procyon lotor,observed,Park; road; Hammock,,,
206347242_0,206347242,Virginia Opossum,"DOR, old and in very bad condition, mostly decomposed with ants and beetles, moved off of road Virginia Opossum (Didelphis virginiana) observed at North Key Largo, FL 33037, USA.",Virginia Opossum; Didelphis virginiana,observed,road,,,
250348061_0,250348061,Common Raccoon,"Weather: 27 degrees Celsius and windy walking out of the mangroves to the boats on the docks Common Raccoon (Procyon lotor) observed at Eckerd College, Saint Petersburg, FL, US.",Common Raccoon; Procyon lotor,walking; observed,mangroves,,,
192412198_0,192412198,Coyote,"extremely unlikely but it looks large and coloration made me think it had red wolf genetics Coyote (Canis latrans) observed at Camp Helen State Park, Panama City Beach, FL, US.",Coyote; Canis latrans,observed,Beach; Park,,,
256102275_0,256102275,American Black Bear,"Left front in photo; but direct register for most of the trail American Black Bear (Ursus americanus) observed at Point Washington State Forest Trail, Santa Rosa Beach, FL, US.",Black Bear,observed,Forest; Trail; Beach; trail,,,
196847556_0,196847556,Virginia Opossum,"Virginia opossum DOR, 11:30 PP153 on road shoulder Virginia Opossum (Didelphis virginiana) observed at Dagny Johnson Key Largo Hammock Botanical State Park, Key Largo, FL, US.",Virginia opossum; Virginia Opossum; Didelphis virginiana,observed,Park; road; Hammock,,,
223809753_0,223809753,Common Bottlenose Dolphin,"There were a bunch and they jumped out of the water so Im sure its dolphins Common Bottlenose Dolphin (Tursiops truncatus) observed at Santa Rosa Sound, Navarre Beach, FL, US.",Tursiops truncatus; Common Bottlenose Dolphin,observed,Beach,,,
218693467_0,218693467,Eastern Cottontail,"Lake Monroe Conservation Area, LB, Volusia County, FL, May 2024 Eastern Cottontail (Sylvilagus floridanus) observed at Lake Monroe Conservation Area, Volusia County, FL, USA.",Sylvilagus floridanus; Eastern Cottontail,observed,Lake,,,
218693468_0,218693468,White-tailed Deer,"Lake Monroe Conservation Area, LB, Volusia County, FL, May 2024 White-tailed Deer (Odocoileus virginianus) observed at Lake Monroe Conservation Area, Volusia County, FL, USA.",Odocoileus virginianus; White-tailed Deer,observed,Lake,,,
157772262_0,157772262,Eastern Cottontail,"- See additional photo - City Nature Challenge 2023, South Florida Eastern Cottontail (Sylvilagus floridanus) observed at Okeeheelee Nature Trails, West Palm Beach, FL, USA.",Sylvilagus floridanus; Eastern Cottontail,observed,Beach,,,
214679099_0,214679099,Virginia Opossum,"PP253, DOR, not very fresh, stiff and rank, not in very good condition, moved off of road Virginia Opossum (Didelphis virginiana) observed at North Key Largo, FL 33037, USA.",Virginia Opossum; Didelphis virginiana,observed,road,,,
226811276_0,226811276,Mexican Free-tailed Bat,"Colony of bats flew out from under a bridge at dusk by the river walk in Tampa Mexican Free-tailed Bat (Tadarida brasiliensis) observed at Hillsborough River, Tampa, FL, US.",Bat,observed,River; river,,,
240125168_0,240125168,Eastern Black Bear,"Early morning Black Bear tracks, Primitive Campground road, Highlands Hammock State Park Eastern Black Bear (Ursus americanus americanus) observed at Sebring, FL 33875, USA.",Black Bear,observed,Park; road; Hammock,,,
188470689_1,188470689,Sherman's Fox Squirrel,"I couldn t get a better picture but it was clearly a squirrel Sherman's Fox Squirrel (Sciurus niger shermani) observed at Apalachicola National Forest, Tallahassee, FL, US.",Fox Squirrel; squirrel; Sciurus niger,observed,Forest,,,
167123498_0,167123498,Common Raccoon,Mother Raccoon cautiously guides her 3 kits along the boardwalk. - Photo taken from the Cypress Swamp Boardwalk Trail Common Raccoon (Procyon lotor) observed at Arthur R.,Raccoon; Common Raccoon; Procyon lotor,observed,Trail; Cypress Swamp,,,
240027044_0,240027044,Marsh Rabbit,"Conditions: sunny, 89 F grass at the edge of a pond Behaviour: foraging in grass Marsh Rabbit (Sylvilagus palustris) observed at Eckerd College, Saint Petersburg, FL, US.",Marsh Rabbit; Sylvilagus palustris,observed; foraging,pond,,,
171052898_0,171052898,Common Raccoon,"Racoon paw print observed during a short hike at Price s Scrub State Park in Micanopy near Gainsville Common Raccoon (Procyon lotor) observed at Micanopy, FL 32667, USA.",Common Raccoon; Procyon lotor,observed,Scrub; Park,,,
195032616_0,195032616,White-tailed Deer,"I also spooked a spike buck 60 feet away from me later this trip White-tailed Deer (Odocoileus virginianus) observed at Fort Clinch State Park, Fernandina Beach, FL, US.",Odocoileus virginianus; White-tailed Deer,observed,Beach; Park,,,
197505542_0,197505542,Virginia Opossum,"Warning, blood in second photo I don t know what killed it Virginia Opossum (Didelphis virginiana) observed at San Felasco Hammock Preserve State Park, Alachua, FL, US.",Virginia Opossum; Didelphis virginiana,observed,Park; Hammock,,,
187007061_1,187007061,White-tailed Deer,"Key deer seem to be found around the coast to the panhandle of Florida Resources: White-tailed Deer (Odocoileus virginianus) observed at Moss Park Rd, Orlando, FL, US.",Odocoileus virginianus; Key deer; White-tailed Deer,observed; found,Park,,,
157387856_0,157387856,Eastern Cottontail,"- My Backyard - See additional photo - City Nature Challenge 2023, South Florida Eastern Cottontail (Sylvilagus floridanus) observed at (west) Boynton Beach, FL, USA.",Sylvilagus floridanus; Eastern Cottontail,observed,Backyard; Beach,,,
147907634_0,147907634,Seminole Bat,"This is Stela Luna ranger Erinn and Madi found her resting in the swamp Seminole Bat (Lasiurus seminolus) observed at Jonathan Dickinson State Park, Jupiter, FL, US.",Bat,resting; observed; found,swamp; Park,,,
236486291_0,236486291,White-tailed Deer,"1 with bigger antlers, 1 no antlers, 1 smaller antlers and a limp White-tailed Deer (Odocoileus virginianus) observed at Everglades National Park, Homestead, FL, US.",Odocoileus virginianus; White-tailed Deer,observed,Everglades; Park,,,
187799364_0,187799364,Virginia Opossum,"Virginia Opossum (Didelphis virginiana) observed at Dagny Johnson Key Largo Hammock Botanical State Park, County Rd 905 & Mile Marker 106, Key Largo, FL 33037, USA.",Virginia Opossum; Didelphis virginiana,observed,Park; Hammock,,,
194513762_0,194513762,Northern Yellow Bat,"Was frozen up from cold snap but warmed up in the sun and flew off Northern Yellow Bat (Lasiurus intermedius) observed at W Lakeshore Dr, Panama City Beach, FL, US.",Bat,observed,Beach,,,
227692317_0,227692317,White-tailed Deer,"Halpata Tastanaki Preserve, Dunnellon, Marion County, FL White-tailed Deer (Odocoileus virginianus) observed at Halpata Tastanaki Preserve Trail, Dunnellon, FL, US.",Odocoileus virginianus; White-tailed Deer,observed,Trail,,,
254926476_0,254926476,Tamanend's Bottlenose Dolphin,"Pod of dolphins 1 mile west of Mayport village on the St John s river Tamanend's Bottlenose Dolphin (Tursiops erebennus) observed at Timucuan, Jacksonville, FL, US.",Bottlenose Dolphin,observed,river,,,
203878721_0,203878721,Common Raccoon,"PP 107, DOR, decent condition but not fresh and body very fully stiff, moved off of road Common Raccoon (Procyon lotor) observed at North Key Largo, FL 33037, USA.",Common Raccoon; Procyon lotor,observed,road,,,
213292339_0,213292339,Marsh Rabbit,"City Nature Challenge 2024, South Florida - Day 4 Marsh Rabbit (Sylvilagus palustris) observed at Green Cay Nature Center & Wetlands, Boynton Beach, FL 33437, USA.",Marsh Rabbit; Sylvilagus palustris,observed,Beach,,,
332599319_0,332599319,Virginia Opossum,"Opossum being harassed by Caraca, in turn harassed by a hawk, probably red shoulder Virginia Opossum (Didelphis virginiana) observed at Lake Placid, FL 33852, USA.",Virginia Opossum; Opossum; Didelphis virginiana,observed,Lake,,,
191057287_0,191057287,North American River Otter,"Observed by Jeya Iyadurai in the pond south of Graham Hall and north of Museum Dr North American River Otter (Lontra canadensis) observed at Gainesville, FL, USA.",North American River Otter; Lontra canadensis,Observed; observed,pond,,,
218693469_0,218693469,Common Raccoon,"Lake Monroe Conservation Area, LB, Volusia County, FL, May 2024 Common Raccoon (Procyon lotor) observed at Lake Monroe Conservation Area, Volusia County, FL, USA.",Common Raccoon; Procyon lotor,observed,Lake,,,
153986962_0,153986962,North American River Otter,"Large otter ran out of the reeds Almost gave me a heart attack North American River Otter (Lontra canadensis) observed at Lake Davis/Greenwood, Orlando, FL, USA.",North American River Otter; otter; Lontra canadensis,observed,Lake,,,
159776938_0,159776938,Marsh Rabbit,"- See additional photo - City Nature Challenge 2023, South Florida Marsh Rabbit (Sylvilagus palustris) observed at Wakodahatchee Wetlands, Delray Beach, FL, USA.",Marsh Rabbit; Sylvilagus palustris,observed,Beach,,,
197641443_0,197641443,Eastern Bobcat,"Late afternoon at a trail that squirrels and raccoons use to get to bird feeder Eastern Bobcat (Lynx rufus rufus) observed at Dockside Pl, Daytona Beach, FL, US.",Bobcat; Lynx rufus,observed,Beach; trail,,,
199383467_0,199383467,White-tailed Deer,"Earliest dropped fawn recorded in Holeyland WMA, is seen walking on 12-27-2023 White-tailed Deer (Odocoileus virginianus) observed at Palm Beach County, FL, USA.",Odocoileus virginianus; White-tailed Deer,recorded; walking; observed; seen,Beach,,,
204636361_0,204636361,White-tailed Deer,"Locations approximate- 3-in-1 trail and a short portion of Long Pine Key trail White-tailed Deer (Odocoileus virginianus) observed at Miami-Dade County, FL, USA.",Odocoileus virginianus; White-tailed Deer,observed,trail,,,
204400998_0,204400998,Virginia Opossum,"PP224, DOR, not fresh body stiff, only head is in bad condition, moved off of road Virginia Opossum (Didelphis virginiana) observed at Key Largo, FL 33037, USA.",Virginia Opossum; Didelphis virginiana,observed,road,,,
206615908_0,206615908,North American River Otter,"Was found jumping and swimming together in a drainage ditch North American River Otter (Lontra canadensis) observed at S Roscoe Blvd, Ponte Vedra Beach, FL, US.",North American River Otter; Lontra canadensis,swimming; observed; jumping; found,Beach; ditch,,,
205658322_0,205658322,Mexican Long-nosed Armadillo,"Came out of bushes on back porch at night looking for insects Mexican Long-nosed Armadillo (Dasypus mexicanus) observed at Seminole Rd, Atlantic Beach, FL, US.",Mexican Long-nosed Armadillo,observed,Beach,,,
240124658_0,240124658,American Black Bear,"Early morning bear tracks on Primitive Campground road, Highlands Hammock State Park American Black Bear (Ursus americanus) observed at Sebring, FL 33875, USA.",Black Bear; bear,observed,Park; road; Hammock,,,
168885968_0,168885968,Coyote,"two different coyotes caught strolling one after another through our yard on motion sensor camera Coyote (Canis latrans) observed at Shell Rd, Milton, FL, US.",Coyote; Canis latrans,observed,yard,,,
217914419_0,217914419,Hispid Cotton Rat,"total of 6 individuals seen, all detected in the neighborhood canals on western edge of park Hispid Cotton Rat (Sigmodon hispidus) observed at Davie, FL, USA.",Sigmodon hispidus; Hispid Cotton Rat,observed; seen,park; neighborhood,,,
191390399_1,191390399,Seminole Bat,"Also check out the gator out in the background of image 1 Seminole Bat (Lasiurus seminolus) observed at Paynes Prairie Preserve State Park, Micanopy, FL, US.",Bat,observed,Paynes Prairie; Park,,,
196432755_0,196432755,Common Raccoon,"First impression was raccoon, but now I m wondering about otter Common Raccoon (Procyon lotor) observed at Florida Gulf Coast University, Fort Myers, FL, US.",Common Raccoon; otter; raccoon; Procyon lotor,observed,Gulf,,,
201208448_0,201208448,Wild Boar,"Wild Hog (Invasive); and destruction caused by; retreating here on right into grasses Wild Boar (Sus scrofa) observed at La Chua Trail, Gainesville, FL, USA.",Sus scrofa; Wild Boar,observed,Trail,,,
254565468_2,254565468,Mexican Free-tailed Bat,"Easily a couple hundred plus here...saw many out hunting for insects as well Mexican Free-tailed Bat (Tadarida brasiliensis) observed at Union Park, FL, USA.",Bat,hunting; observed,Park,,,
162886592_0,162886592,Florida White-tailed Deer,"two grazing with Cattle Egrets Florida White-tailed Deer (Odocoileus virginianus seminolus) observed at Aerojet Rd./Lucky Hammock, Homestead, FL 33034, USA.",Odocoileus virginianus; White-tailed Deer,grazing; observed,Hammock,,,
223438707_0,223438707,White-tailed Deer,"Saw two running into the bushes White-tailed Deer (Odocoileus virginianus) observed at Chinsegut Wildlife and Environmental Area Trail, Brooksville, FL, US.",Odocoileus virginianus; White-tailed Deer,observed; running,Trail,,,
165021003_0,165021003,Bobcat,Waiting to eat a deer carcass on the side of the road along with 15 black vultures Bobcat (Lynx rufus) observed at Merritt Island National Wildlife Refuge.,Bobcat; Lynx rufus; deer,observed,road,,,
176470241_0,176470241,North American River Otter,"Catching and eating these pleco-like fish that were in high abundance in this canal North American River Otter (Lontra canadensis) observed at Florida, US.",North American River Otter; Lontra canadensis,observed; eating,canal,,,
209667039_0,209667039,Common Raccoon,"PP228, DOR, not very fresh, very stiff, but in good condition, moved off of road Common Raccoon (Procyon lotor) observed at North Key Largo, FL 33037, USA.",Common Raccoon; Procyon lotor,observed,road,,,
221398905_0,221398905,Florida Manatee,"Everglades National Park - Flamingo Marina Florida Manatee (Trichechus manatus latirostris) observed at Everglades National Park, Monroe County, US-FL, US.",Florida Manatee; Trichechus manatus latirostris,observed,Everglades; Park,,,
224534683_0,224534683,Florida Manatee,"At least 3 in the harbor - k says he saw 6 Florida Manatee (Trichechus manatus latirostris) observed at Everglades National Park, Monroe County, US-FL, US.",Florida Manatee; Trichechus manatus latirostris,observed,Everglades; Park,,,
249589128_4,249589128,Eastern Fox Squirrel,"Eastern Fox Squirrel (Sciurus niger) observed at Florida, Hernando, Chassahowitzka Wildlife and Environmental Area, Gopher Road at Thunder's Crossing Road.",Gopher; Fox Squirrel; Sciurus niger,Crossing; observed,Road,,,
148152976_0,148152976,West Indian Manatee,"Manatee with Crocodile at the Flamingo, FL marina West Indian Manatee (Trichechus manatus) observed at Everglades National Park, Monroe County, US-FL, US.",West Indian Manatee; Trichechus manatus; Manatee,observed,Everglades; Park,,,
184699760_0,184699760,White-tailed Deer,"Stone Memorial Saint Joseph Peninsula State Park White-tailed Deer (Odocoileus virginianus) observed at 8899 Cape San Blas Rd, Port St Joe, FL 32456, USA.",Odocoileus virginianus; White-tailed Deer,observed,Park,,,
207644210_0,207644210,Wild Boar,"There is also a great blue heron and alligator in the shot lol Wild Boar (Sus scrofa) observed at Paynes Prairie Preserve State Park, Gainesville, FL, US.",Sus scrofa; Wild Boar,observed,Paynes Prairie; Park,,,
217914429_0,217914429,Hispid Cotton Rat,"total of 6 individuals seen, detected in the neighborhood canals on western edge of park Hispid Cotton Rat (Sigmodon hispidus) observed at Davie, FL, USA.",Sigmodon hispidus; Hispid Cotton Rat,observed; seen,park; neighborhood,,,
248477523_0,248477523,White-tailed Deer,"Highlands Hammock State Park White-tailed Deer (Odocoileus virginianus) observed at Highlands Hammock State Park, 5931 Hammock Rd, Sebring, FL 33872, USA.",Odocoileus virginianus; White-tailed Deer,observed,Park; Hammock,,,
314163818_0,314163818,Common Raccoon,"Swamp Racoons of Circle B Bar Reserve watching a nesting softshell turtle lay her eggs Common Raccoon (Procyon lotor) observed at Lakeland, FL 33803, USA.",Common Raccoon; Procyon lotor,nesting; observed,Swamp,,,
175409088_0,175409088,West Indian Manatee,"Flamingo, Everglades National Park, Florida, USA West Indian Manatee (Trichechus manatus) observed at Everglades National Park, Monroe County, US-FL, US.",Trichechus manatus; West Indian Manatee,observed,Everglades; Park,,,
194235949_0,194235949,Common Raccoon,"Tail going into woods behind invasive atresia Common Raccoon (Procyon lotor) observed at Cofrin Nature Park, 4810 NW 8th Ave, Gainesville, FL 32605, USA.",Common Raccoon; Procyon lotor,observed,Park,,,
215510524_0,215510524,Common Raccoon,"PP144, DOR, relatively fresh and still soft, good condition, moved off of road Common Raccoon (Procyon lotor) observed at North Key Largo, FL 33037, USA.",Common Raccoon; Procyon lotor,observed,road,,,
175673066_0,175673066,White-tailed Deer,"Highlands Hammock State Park, Sebring, Highlands County, FL White-tailed Deer (Odocoileus virginianus) observed at Florida State Parks, Sebring, FL, US.",Odocoileus virginianus; White-tailed Deer,observed,Park; Hammock,,,
202542758_0,202542758,Tamanend's Bottlenose Dolphin,"Common Bottle-nosed Dolphin - Blue Cypress Park Tamanend's Bottlenose Dolphin (Tursiops erebennus) observed at Blue Cypress Park, Jacksonville, FL, USA.",Bottlenose Dolphin; Dolphin,observed,Park,,,
208809950_0,208809950,Common Raccoon,"A dozen or so in this small area, taking food left for feral cats Common Raccoon (Procyon lotor) observed at Black Point Jetty Trail, Homestead, FL, US.",Common Raccoon; Procyon lotor,observed,Trail,,,
152767019_0,152767019,Eastern Cottontail,"Small rabbit, white fluffy tail, big ears, light brown face Eastern Cottontail (Sylvilagus floridanus) observed at Tampa Bay, Saint Petersburg, FL, US.",rabbit; Sylvilagus floridanus; Eastern Cottontail,observed,Tampa Bay,,,
154175963_0,154175963,Marsh Rabbit,I ve observed this rabbit only in the same 30 ft length of shore along the northwestern corner of the main runoff control pond in TGM Bay Isle Phase 1.,rabbit,observed,pond; shore; Bay,,,
183116831_1,183116831,Atlantic Spotted Dolphin,"Please see Kyles observation, he got a better photo: Atlantic Spotted Dolphin (Stenella frontalis) observed at North Atlantic Ocean, Manalapan, FL, US.",Stenella frontalis; Atlantic Spotted Dolphin,observed,Ocean,,,
221010705_0,221010705,Marsh Rabbit,"Found near pond with bonus mouse (2nd time mouse seen grazing with rabbits) Marsh Rabbit (Sylvilagus palustris) observed at Gainesville, FL 32601, USA.",mouse; Marsh Rabbit; Sylvilagus palustris,Found; grazing; observed; seen,pond,,,
176278521_0,176278521,Eastern Black Bear,"Mamma with cub crossing street from Buck Lake towards St Johns river Eastern Black Bear (Ursus americanus americanus) observed at Mims, FL 32754, USA.",Black Bear,crossing; observed,St Johns river; Lake,,,
190114698_0,190114698,Southern Fox Squirrel,"Three together in this location and one across the street Southern Fox Squirrel (Sciurus niger niger) observed at Lake Pisgah Dr, Tallahassee, FL, US.",Fox Squirrel; Sciurus niger,observed,Lake,,,
195496060_0,195496060,Marsh Rabbit,"You can see it jump if you scroll through the photos in order. camera set up near a creek Marsh Rabbit (Sylvilagus palustris) observed at Florida, US.",Marsh Rabbit; Sylvilagus palustris,observed,creek,,,
206857155_0,206857155,Florida Manatee,"Adult and calf (?) foraging on grass on the edge of a canal Florida Manatee (Trichechus manatus latirostris) observed at Miami-Dade County, US-FL, US.",Florida Manatee; Trichechus manatus latirostris,observed; foraging,canal,,,
259161637_0,259161637,North American River Otter,"Photo by Susan Marino North American River Otter (Lontra canadensis) observed at Crosby Sanctuary, 427 Aquarius Concourse, Orange Park, FL 32073, USA.",North American River Otter; Lontra canadensis,observed,Park,,,
148512738_0,148512738,Marsh Rabbit,"Not much of a photo but only two sightings of this distinctive rabbit Marsh Rabbit (Sylvilagus palustris) observed at S Jog Rd, Delray Beach, FL, US.",rabbit; Marsh Rabbit; Sylvilagus palustris,observed,Beach,,,
186357823_0,186357823,Mexican Long-nosed Armadillo,"found eating, it was very large in size, cool weather inside woods but humd Mexican Long-nosed Armadillo (Dasypus mexicanus) observed at trout creek.",Mexican Long-nosed Armadillo,observed; eating; found,creek,,,
194105321_0,194105321,Mexican Long-nosed Armadillo,"Weird lesions on this armadillo Mexican Long-nosed Armadillo (Dasypus mexicanus) observed at Paynes Prairie Preserve State Park, Gainesville, FL, US.",Mexican Long-nosed Armadillo; armadillo,observed,Paynes Prairie; Park,,,
209749801_0,209749801,Eastern Cottontail,"City Nature Challenge 2024, South Florida - Day 1 - My backyard Eastern Cottontail (Sylvilagus floridanus) observed at (west) Boynton Beach, FL, USA.",Sylvilagus floridanus; Eastern Cottontail,observed,backyard; Beach,,,
146537190_2,146537190,Eastern Bobcat,"Probably shock more than anything else killed it. :( Eastern Bobcat (Lynx rufus rufus) observed at Big Cypress National Preserve, Immokalee, FL, US.",Bobcat; Lynx rufus,observed,Big Cypress,,,
152210071_0,152210071,Eastern Mole,"Found dead on driveway, likely a victim of neighborhood cats Eastern Mole (Scalopus aquaticus) observed at Fleming Fitch Grant, Holly Hill, FL, USA.",Eastern Mole; Scalopus aquaticus,Found; observed,neighborhood,,,
157771871_0,157771871,Eastern Cottontail,"City Nature Challenge 2023, South Florida Eastern Cottontail (Sylvilagus floridanus) observed at Okeeheelee Nature Trails, West Palm Beach, FL, USA.",Sylvilagus floridanus; Eastern Cottontail,observed,Beach,,,
191283454_0,191283454,Common Raccoon,"Common Raccoon DOR 11:30am Mile Marker 2, good condition, removed from road Common Raccoon (Procyon lotor) observed at Key Largo, Key Largo, FL, US.",Common Raccoon; Procyon lotor,observed,road,,,
228646438_0,228646438,Common Bottlenose Dolphin,"Atlantic Bottlenose in Coot Bay, Everglades National Park Common Bottlenose Dolphin (Tursiops truncatus truncatus) observed at Tarpon Creek, FL, US.",Tursiops truncatus; Common Bottlenose Dolphin,observed,Creek; Everglades; Bay; Park,,,
171872858_0,171872858,White-tailed Deer,"Three Rivers State Park, Sneads, Jackson County, FL White-tailed Deer (Odocoileus virginianus) observed at Three Rivers State Park, Sneads, FL, US.",Odocoileus virginianus; White-tailed Deer,observed,Park,,,
200860392_0,200860392,Hispid Cotton Rat,"was about squirrel sized? minus the tail Hispid Cotton Rat (Sigmodon hispidus) observed at Paynes Prairie Preserve State Park, Gainesville, FL, US.",Hispid Cotton Rat; Sigmodon hispidus; squirrel,observed,Paynes Prairie; Park,,,
201130568_0,201130568,Eastern Cottontail,"Malabar Scrub Sanctuary Eastern Cottontail (Sylvilagus floridanus) observed at Malabar Scrub Sanctuary, Malabar Woods Blvd, Malabar, FL 32950, USA.",Sylvilagus floridanus; Eastern Cottontail,observed,Scrub,,,
224062439_0,224062439,Florida Manatee,"At the Ellie Schiller Homosassa Springs Wildlife State Park - not captive Florida Manatee (Trichechus manatus latirostris) observed at Florida, US.",Florida Manatee; Trichechus manatus latirostris,observed,Park,,,
251371196_0,251371196,Florida Cottontail,"Sandsprit Park, Port Salerno, Martin County, FL Florida Cottontail (Sylvilagus floridanus floridanus) observed at SE St Lucie Blvd, Stuart, FL, US.",Sylvilagus floridanus; Cottontail,observed,Park,,,
167685884_2,167685884,Eastern Cottontail,"Surprising discovery as the area is very urbanized Eastern Cottontail (Sylvilagus floridanus) observed at E County Road 466, The Villages, FL, US.",Sylvilagus floridanus; Eastern Cottontail,observed,Road,,,
175674168_0,175674168,North American River Otter,"2 spotted together hunting and eating in the canal North American River Otter (Lontra canadensis) observed at Shady Hollow Blvd W, Naples, FL, US.",North American River Otter; Lontra canadensis,spotted; hunting; observed; eating,canal,,,
203313757_0,203313757,Tamanend's Bottlenose Dolphin,"Dolphins doing dolphin things near the shore Tamanend's Bottlenose Dolphin (Tursiops erebennus) observed at N Atlantic Ave, Daytona Beach, FL, US.",dolphin; Bottlenose Dolphin,observed,shore; Beach,,,
255256656_0,255256656,West Indian Manatee,"4-5 individuals over the course of 30 min West Indian Manatee (Trichechus manatus) observed at Everglades National Park, Monroe County, US-FL, US.",Trichechus manatus; West Indian Manatee,observed,Everglades; Park,,,
257425846_0,257425846,Florida Manatee,"Guy Bradley Trail - Everglades NP Florida Manatee (Trichechus manatus latirostris) observed at Everglades National Park, Monroe County, US-FL, US.",Florida Manatee; Trichechus manatus latirostris,observed,Trail; Everglades; Park,,,
260251449_0,260251449,Florida Manatee,"Consuming something at this drain Florida Manatee (Trichechus manatus latirostris) observed at Everglades National Park, Monroe County, US-FL, US.",Florida Manatee; Trichechus manatus latirostris,observed,Everglades; Park,,,
161415459_0,161415459,Marsh Rabbit,Was observed during my walk for the Global Big Day. eBird Checklist can be found here: Marsh Rabbit (Sylvilagus palustris) observed at Lake Park.,Marsh Rabbit; Sylvilagus palustris,observed; found,Lake; Park,,,
185121293_0,185121293,Eastern Cottontail,"Royal Palm Beach Pines Natural Area, PBC, FL Eastern Cottontail (Sylvilagus floridanus) observed at Royal Palm Beach Pines Natural Area, FL, USA.",Sylvilagus floridanus; Eastern Cottontail,observed,Beach,,,
186001876_0,186001876,Southeastern River Otter,"Male roadkilled river otter Southeastern River Otter (Lontra canadensis lataxina) observed at Okaloacoochee Slough State Forest, Labelle, FL, US.",Lontra canadensis; River Otter; river otter,observed,Slough; Forest,,,
194924564_0,194924564,Common Bottlenose Dolphin,"Swimming down the canal Common Bottlenose Dolphin (Tursiops truncatus) observed at Tigertail Beach, 430 Hernando Dr, Marco Island, FL 34145, USA.",Tursiops truncatus; Common Bottlenose Dolphin,observed; Swimming,Beach; canal,,,
200198637_0,200198637,Common Bottlenose Dolphin,"Dolphin moving quickly north up the river along the bank Common Bottlenose Dolphin (Tursiops truncatus) observed at W Seventh Ave, Tampa, FL, US.",Tursiops truncatus; Common Bottlenose Dolphin; Dolphin,observed,river,,,
241634950_0,241634950,Hispid Cotton Rat,"captured and released during state-sponsored scientific study Hispid Cotton Rat (Sigmodon hispidus) observed at Ponte Vedra Beach, FL 32082, USA.",Sigmodon hispidus; Hispid Cotton Rat,observed,Beach,,,
174984164_0,174984164,Florida Manatee,"Group of 4 out hunting together Florida Manatee (Trichechus manatus latirostris) observed at Everglades National Park, Monroe County, US-FL, US.",Florida Manatee; Trichechus manatus latirostris,hunting; observed,Everglades; Park,,,
212926580_0,212926580,Marsh Rabbit,"City Nature Challenge 2024, South Florida - Day 3 Marsh Rabbit (Sylvilagus palustris) observed at Wakodahatchee Wetlands, Delray Beach, FL, USA.",Marsh Rabbit; Sylvilagus palustris,observed,Beach,,,
214904089_0,214904089,Mexican Long-nosed Armadillo,"Found on Gainesville Hawthorne trail rummaging through leaves Mexican Long-nosed Armadillo (Dasypus mexicanus) observed at Gainesville, FL, USA.",Mexican Long-nosed Armadillo,Found; observed,trail,,,
233487073_0,233487073,Florida Manatee,"Screenshots from a video - several individuals seen, Ichetucknee River Florida Manatee (Trichechus manatus latirostris) observed at Florida, US.",Florida Manatee; Trichechus manatus latirostris,observed; seen,River,,,
195695802_0,195695802,North American River Otter,"Pretty terrible photos but it s identifiable North American River Otter (Lontra canadensis) observed at Lake Davis/Greenwood, Orlando, FL, USA.",North American River Otter; Lontra canadensis,observed,Lake,,,
336594879_3,336594879,Black Rat,"Comment if you would like to see Black Rat (Rattus rattus) observed at Dagny Johnson Key Largo Hammock Botanical State Park, Key Largo, FL, US.",Rat,observed,Park; Hammock,,,
211595035_0,211595035,Key Deer,"Silhouette of a key deer near the coastline in Big Pine Key Key Deer (Odocoileus virginianus clavium) observed at Big Pine Key, FL 33043, USA.",Key Deer; key deer; Odocoileus virginianus clavium,observed,coastline,,,
147731275_0,147731275,Mexican Long-nosed Armadillo,"Was adorable and looking for food Mexican Long-nosed Armadillo (Dasypus mexicanus) observed at Lettuce Lake Conservation Park, Tampa, FL, US.",Mexican Long-nosed Armadillo,observed,Lake; Park,,,
196769946_0,196769946,Sherman's Fox Squirrel,"Sherman s Fox Squirrel based upon geographic location Sherman's Fox Squirrel (Sciurus niger shermani) observed at Myakka City, FL 34251, USA.",Fox Squirrel; Sciurus niger,observed,Myakka,,,
254363484_0,254363484,Tamanend's Bottlenose Dolphin,"Noted two possible juvenile males and odd turning behavior Tamanend's Bottlenose Dolphin (Tursiops erebennus) observed at Matanzas River, St.",Bottlenose Dolphin,observed,River,,,
257065948_0,257065948,Marsh Rabbit,"I saw this cottontail rabbit that was with his family I think he is a male Marsh Rabbit (Sylvilagus palustris) observed at Bay Lake, FL, USA.",rabbit; Marsh Rabbit; Sylvilagus palustris; cottontail,observed,Lake; Bay,,,
146175978_0,146175978,West Indian Manatee,"Silver Springs River, Silver Springs State Park, Florida, USA West Indian Manatee (Trichechus manatus) observed at Marion County, US-FL, US.",Trichechus manatus; West Indian Manatee,observed,River; Park,,,
188060163_0,188060163,Marsh Rabbit,"Munching on grass in the courtyard at the hotel Marsh Rabbit (Sylvilagus palustris) observed at North Hutchinson Island, Vero Beach, FL, US.",Marsh Rabbit; Sylvilagus palustris,observed,Beach,,,
189660207_0,189660207,Hispid Cotton Rat,"Photo by Shawn McKnight Being eaten on road by Indigo Snake Hispid Cotton Rat (Sigmodon hispidus) observed at SW 298th St, Newberry, FL, US.",Sigmodon hispidus; Hispid Cotton Rat,observed,road,,,
193562333_0,193562333,Mexican Long-nosed Armadillo,"Armadillo in Highlands Hammock State Park Mexican Long-nosed Armadillo (Dasypus mexicanus) observed at Florida State Parks, Sebring, FL, US.",Armadillo; Mexican Long-nosed Armadillo,observed,Park; Hammock,,,
241634214_0,241634214,Northeastern Marsh Rice Rat,"captured and released during scientific study Northeastern Marsh Rice Rat (Oryzomys palustris) observed at Ponte Vedra Beach, FL 32082, USA.",Rat,observed,Beach; Marsh,,,
260758116_0,260758116,Eastern Cottontail,"Eastern Cottontail observed in our front yard at Edgewater Eastern Cottontail (Sylvilagus floridanus) observed at Charlotte County, FL, USA.",Sylvilagus floridanus; Eastern Cottontail,observed,yard,,,
170886626_0,170886626,White-tailed Deer,"Tosohatchee Wildlife Management Area White-tailed Deer (Odocoileus virginianus) observed at 3365 Taylor Creek Rd, Christmas, FL 32709, USA.",Odocoileus virginianus; White-tailed Deer,observed,Creek,,,
186997998_5,186997998,Marsh Rabbit,"Mangrove swamp sandy island Reference: Marsh Rabbit (Sylvilagus palustris) observed at South Lake Howard Nature Park, Winter Haven, FL, US.",Marsh Rabbit; Sylvilagus palustris,observed,Mangrove; Lake; swamp; Park,,,
204974911_0,204974911,Common Bottlenose Dolphin,"Some specie of bottlenose dolphin Common Bottlenose Dolphin (Tursiops truncatus) observed at Flamingo / Lummus, Miami Beach, FL 33139, USA.",bottlenose dolphin; Common Bottlenose Dolphin; Tursiops truncatus,observed,Beach,,,
215576106_0,215576106,Florida Manatee,"Solo manatee hanging out on the shore side of the breakwater pier Florida Manatee (Trichechus manatus latirostris) observed at Florida, US.",manatee; Florida Manatee; Trichechus manatus latirostris,observed,shore,,,
145630349_0,145630349,Common Bottlenose Dolphin,"Group of 3 dolphins off the shore of Anclote park Common Bottlenose Dolphin (Tursiops truncatus) observed at North Atlantic Ocean, FL, US.",Tursiops truncatus; Common Bottlenose Dolphin,observed,shore; park; Ocean,,,
149519063_0,149519063,Florida Raccoon,"Good condition Florida Raccoon (Procyon lotor elucus) observed at Dagny Johnson Key Largo Hammock Botanical State Park, Key Largo, FL, US.",Raccoon; Procyon lotor,observed,Park; Hammock,,,
159776617_0,159776617,Marsh Rabbit,"- City Nature Challenge 2023, South Florida Marsh Rabbit (Sylvilagus palustris) observed at Wakodahatchee Wetlands, Delray Beach, FL, USA.",Marsh Rabbit; Sylvilagus palustris,observed,Beach,,,
197509319_0,197509319,Hispid Cotton Rat,"DOR, possibly Sigmodon hispidus or black rat, moved off road Hispid Cotton Rat (Sigmodon hispidus) observed at Miami-Dade County, FL, USA.",rat; Sigmodon hispidus; Hispid Cotton Rat,observed,road,,,
198218536_0,198218536,North American River Otter,"Seconds-old River Otter scat North American River Otter (Lontra canadensis) observed at Florida Gulf Coast University, Fort Myers, FL, US.",North American River Otter; Lontra canadensis; River Otter,observed,Gulf,,,
201415430_0,201415430,Mexican Long-nosed Armadillo,"Obviously not pleased about being perceived Mexican Long-nosed Armadillo (Dasypus mexicanus) observed at Winter Lake Rd, Lakeland, FL, US.",Mexican Long-nosed Armadillo,observed,Lake,,,
149373815_0,149373815,Domestic Cat,"Was about 30ft from a major road... was probably hit by a car Domestic Cat (Felis catus) observed at Crafts, Coral Gables, FL 33134, USA.",Felis catus; Domestic Cat,observed,road,,,
208814028_0,208814028,Gray Fox,"This was taken from a video so quality is a little fuzzy Gray Fox (Urocyon cinereoargenteus) observed at SW 190th St, Cutler Bay, FL, US.",Gray Fox; Urocyon cinereoargenteus,observed,Bay,,,
215230254_0,215230254,Southeastern Pocket Gopher,"All along SR46 both sides of the road continuously Southeastern Pocket Gopher (Geomys pinetis) observed at Bint Ibn Ln, Sorrento, FL, US.",Geomys pinetis; Southeastern Pocket Gopher,observed,road,,,
247979855_0,247979855,Wild Boar,"spotted during a field trip Wild Boar (Sus scrofa) observed at Seven Wetlands (Se7en Wetlands), 500 W Carter Rd, Lakeland, FL 33813, USA.",Sus scrofa; Wild Boar,spotted; observed,field,,,
254806296_0,254806296,Florida Manatee,"Chomping on a palm that had fallen into the river Florida Manatee (Trichechus manatus latirostris) observed at Volusia County, US-FL, US.",Florida Manatee; Trichechus manatus latirostris,observed,river,,,
148359317_0,148359317,North American River Otter,"My friend and I BOTH saw it North American River Otter (Lontra canadensis) observed at Ichetucknee Springs State Park, O Brien, FL, US.",North American River Otter; Lontra canadensis,observed,Park,,,
182245263_0,182245263,North American River Otter,"Group of 5 otters chasing a limpkin North American River Otter (Lontra canadensis) observed at Lake Hollingsworth Dr, Lakeland, FL, US.",North American River Otter; Lontra canadensis,chasing; observed,Lake,,,
186009828_0,186009828,Big Cypress Fox Squirrel,"It really sucks that my lifeer BICY fox squirrel was DOR ): Big Cypress Fox Squirrel (Sciurus niger avicennia) observed at Florida, US.",fox squirrel; Fox Squirrel; Sciurus niger,observed,Big Cypress,,,
199646885_0,199646885,West Indian Manatee,"Flamingo Backcountry Boat Tour West Indian Manatee (Trichechus manatus) observed at Everglades National Park, Monroe County, US-FL, US.",Trichechus manatus; West Indian Manatee,observed,Everglades; Park,,,
200860744_0,200860744,West Indian Manatee,"Seems like they are leaving the estuary, heading back out to the Gulf West Indian Manatee (Trichechus manatus) observed at Florida, US.",Trichechus manatus; West Indian Manatee,observed,estuary; Gulf,,,
240078443_0,240078443,Common Bottlenose Dolphin,"Lone (?) dolphin right at the pier Common Bottlenose Dolphin (Tursiops truncatus) observed at North Atlantic Ocean, Clearwater, FL, US.",Common Bottlenose Dolphin; dolphin; Tursiops truncatus,observed,Ocean,,,
159032267_0,159032267,Marsh Rabbit,"- Photo taken alongside Lee Road - City Nature Challenge 2023, South Florida Marsh Rabbit (Sylvilagus palustris) observed at Arthur R.",Marsh Rabbit; Sylvilagus palustris,observed,Road,,,
209084293_0,209084293,West Indian Manatee,"Mother baby and another adult West Indian Manatee (Trichechus manatus) observed at Everglades National Park, Monroe County, US-FL, US.",Trichechus manatus; West Indian Manatee,observed,Everglades; Park,,,
242306608_0,242306608,Florida Manatee,"photo by Jon McIntyre Florida Manatee (Trichechus manatus latirostris) observed at Everglades National Park, Monroe County, US-FL, US.",Florida Manatee; Trichechus manatus latirostris,observed,Everglades; Park,,,
149944134_0,149944134,Eastern Cottontail,"This rabbit is brown and has a small white cotton tail Eastern Cottontail (Sylvilagus floridanus) observed at Pinellas Park, FL, USA.",rabbit; Sylvilagus floridanus; Eastern Cottontail,observed,Park,,,
164457205_0,164457205,Florida Raccoon,"2 juveniles in a tree, scared of the traffic Florida Raccoon (Procyon lotor elucus) observed at Lake Weldona, Orlando, FL 32806, USA.",Raccoon; Procyon lotor,observed,Lake,,,
211998187_0,211998187,Florida Manatee,"My mom and I saw saw this manatee at a canal near our house Florida Manatee (Trichechus manatus latirostris) observed at Florida, US.",manatee; Florida Manatee; Trichechus manatus latirostris,observed,canal,,,
215963733_2,215963733,Eastern Fox Squirrel,"This might indicate that they are not Sherman s but big cypress Eastern Fox Squirrel (Sciurus niger) observed at Buckingham, FL, USA.",Fox Squirrel; Sciurus niger,observed,big cypress,,,
166451088_4,166451088,Bobcat,"All of my Big Cypress observations from this trip: Blacklighting observations: Bobcat (Lynx rufus) observed at Big Cypress, FL, USA.",Bobcat; Lynx rufus,observed,Big Cypress,,,
149997351_0,149997351,Marsh Rabbit,"gray rabbit bigger circular ears white around mouth Marsh Rabbit (Sylvilagus palustris) observed at Eagle Lake Park, Largo, FL, US.",rabbit; Marsh Rabbit; Sylvilagus palustris,observed,Lake; Park,,,
181311520_3,181311520,Wild Boar,"Wild Boar (Sus scrofa) observed at Florida, Hernando, Chassahowitzka Wildlife and Environmental Area, Thunder Crossing Road, knoll.",Sus scrofa; Wild Boar,Crossing; observed,Road,,,
200532170_0,200532170,Eastern Cottontail,"In height Missing an ear after being attacked by a hawk Eastern Cottontail (Sylvilagus floridanus) observed at North East Park, St.",Sylvilagus floridanus; Eastern Cottontail,observed,Park,,,
239792158_0,239792158,Mexican Long-nosed Armadillo,"armadillo walking along the brush Mexican Long-nosed Armadillo (Dasypus mexicanus) observed at Belcher Rd S, Pinellas Park, FL, US.",Mexican Long-nosed Armadillo; armadillo,walking; observed,Park,,,
329854649_1,329854649,Domestic Cat,"Domestic Cat (Felis catus) observed at Florida, Miami-Dade, North Miami Beach, 148 NW 167th Street, North Miami Beach Inn & Suites.",Felis catus; Domestic Cat,observed,Beach,,,
162123247_0,162123247,Cotton Mouse,"handled and released happily under FWC permits Cotton Mouse (Peromyscus gossypinus) observed at Mandarin Lake Rd, Melrose, FL, US.",Mouse,observed,Lake,,,
200143741_1,200143741,Mexican Long-nosed Armadillo,"Mexican Long-nosed Armadillo (Dasypus mexicanus) observed at Florida Caverns State Park, 3345 Caverns Rd, Marianna, FL 32446, USA.",Mexican Long-nosed Armadillo,observed,Park,,,
221374696_0,221374696,West Indian Manatee,"With group of at least 10 West Indian Manatee (Trichechus manatus) observed at Everglades National Park, Monroe County, US-FL, US.",Trichechus manatus; West Indian Manatee,observed,Everglades; Park,,,
253239332_0,253239332,Florida Manatee,Three manatees while kayaking in the Loxahatchee River Florida Manatee (Trichechus manatus latirostris) observed at United States.,Florida Manatee; Trichechus manatus latirostris,observed,River,,,
256314187_0,256314187,Domestic Cat,"Semi feral cat(s) that live near the neighborhood Domestic Cat (Felis catus) observed at Providence Lakes, Brandon, FL 33511, USA.",Felis catus; Domestic Cat; feral cat,observed,neighborhood,,,
158236652_0,158236652,West Indian Manatee,"Everglades National Park West Indian Manatee (Trichechus manatus) observed at Everglades National Park, Monroe County, US-FL, US.",Trichechus manatus; West Indian Manatee,observed,Everglades; Park,,,
162121962_0,162121962,Eastern Woodrat,"handled and released happily under FWC permits Eastern Woodrat (Neotoma floridana) observed at Mandarin Lake Rd, Melrose, FL, US.",Eastern Woodrat; Neotoma floridana,observed,Lake,,,
187168938_0,187168938,Domestic Cat,"Cute, possibly feral, forest kitty Domestic Cat (Felis catus) observed at Hugh Taylor Birch State Park, Fort Lauderdale, FL, US.",Felis catus; Domestic Cat,observed,forest; Park,,,
206471214_0,206471214,North American River Otter,"Deceased :( found on north side of road North American River Otter (Lontra canadensis) observed at Bowling Green, FL 33834, USA.",North American River Otter; Lontra canadensis,observed; found,road,,,
255788169_1,255788169,North American River Otter,"St Johns River, St Johns, Florida North American River Otter (Lontra canadensis) observed at Orangedale, Florida, United States.",North American River Otter; Lontra canadensis,observed,St Johns River,,,
157324756_0,157324756,Marsh Rabbit,"City of Coconut Creek Nature Challenge Marsh Rabbit (Sylvilagus palustris) observed at Sabal Pines Park, Coconut Creek, FL, US.",Marsh Rabbit; Sylvilagus palustris,observed,Park; Creek,,,
180125500_1,180125500,West Indian Manatee,Locals confirmed there is at least one manatee in this pond West Indian Manatee (Trichechus manatus) observed at United States.,manatee; Trichechus manatus; West Indian Manatee,observed,pond,,,
193427528_0,193427528,North American River Otter,"Otter road kill seen by Quincey McElroy North American River Otter (Lontra canadensis) observed at E Capps Hwy, Lamont, FL, US.",Otter; North American River Otter; Lontra canadensis,observed; seen,road,,,
200649642_0,200649642,North American River Otter,"I got these from the backyard of my friends house North American River Otter (Lontra canadensis) observed at Placido Bayou, St.",North American River Otter; Lontra canadensis,observed,backyard,,,
201365992_1,201365992,Florida Manatee,"Most had left, only 1 or 2 left in park Florida Manatee (Trichechus manatus latirostris) observed at Volusia County, US-FL, US.",Florida Manatee; Trichechus manatus latirostris,observed,park,,,
229465428_0,229465428,Coyote,"Medium sized COYOTE in the neighborhood early this morning Coyote (Canis latrans) observed at Jenkins Ave, Brooksville, FL, US.",Coyote; Canis latrans; COYOTE,observed,neighborhood,,,
147710464_0,147710464,Wild Boar,"Lying on the side of the road - for between 2 and 3 weeks Wild Boar (Sus scrofa) observed at Beauchamp Rd, Plant City, FL, US.",Sus scrofa; Wild Boar,observed,road,,,
154660010_0,154660010,Sherman's Fox Squirrel,"Ocala Wetland Recharge Park Sherman's Fox Squirrel (Sciurus niger shermani) observed at 2105 NW 21st St, Ocala, FL 34475, USA.",Fox Squirrel; Sciurus niger,observed,Wetland; Park,,,
205471304_0,205471304,Black Rat,"DOR, bad condition and not very fresh, moved off of road Black Rat (Rattus rattus) observed at North Key Largo, FL 33037, USA.",Rat,observed,road,,,
230078416_0,230078416,Domestic Cat,"PP210, DOR, good condition and fresh, moved off of road Domestic Cat (Felis catus) observed at North Key Largo, FL 33037, USA.",Felis catus; Domestic Cat,observed,road,,,
251265140_0,251265140,Southeastern Pocket Gopher,"Blackwater River State Park, upland avanna Southeastern Pocket Gopher (Geomys pinetis) observed at Santa Rosa County, FL, USA.",Geomys pinetis; Southeastern Pocket Gopher,observed,River; Park,,,
150273350_3,150273350,Mexican Long-nosed Armadillo,"Mexican Long-nosed Armadillo (Dasypus mexicanus) observed at Florida, Pinellas, Brooker Creek Preserve, northeastern portion.",Mexican Long-nosed Armadillo,observed,Creek,,,
154898571_0,154898571,Domestic Cat,"Part of a group of strays that stay over by the parking lot Domestic Cat (Felis catus) observed at Middleburg, FL 32068, USA.",Felis catus; Domestic Cat,observed,parking lot,,,
161214335_1,161214335,Eastern Fox Squirrel,"Could this be a Sherman s or is this a Big Cypress Fox Squirrel Eastern Fox Squirrel (Sciurus niger) observed at Florida, US.",Fox Squirrel; Sciurus niger,observed,Big Cypress,,,
171935677_0,171935677,American Black Bear,"Bear track (adjacent dog track for scale) American Black Bear (Ursus americanus) observed at New Smyrna Beach, FL 32168, USA.",Bear; Black Bear,observed,Beach,,,
224046060_0,224046060,West Indian Manatee,"At the Ellie Schiller Homosassa Springs Wildlife State Park West Indian Manatee (Trichechus manatus) observed at Florida, US.",Trichechus manatus; West Indian Manatee,observed,Park,,,
250178851_6,250178851,Common Bottlenose Dolphin,"Common Bottlenose Dolphin (Tursiops truncatus) observed at Florida, Pasco, Hudson area, Hudson Beach Park, southern pavilion.",Tursiops truncatus; Common Bottlenose Dolphin,observed,Beach; Park,,,
146986039_0,146986039,Mexican Long-nosed Armadillo,"Global Roadkill Project Mexican Long-nosed Armadillo (Dasypus mexicanus) observed at Citrus River Ranchettes, FL 32953, USA.",Mexican Long-nosed Armadillo,observed,River,,,
146194434_0,146194434,Wild Boar,"Jonathan Dickinson State Park, Martin County, FL Wild Boar (Sus scrofa) observed at Jonathan Dickinson State Park, FL, USA.",Sus scrofa; Wild Boar,observed,Park,,,
161879790_0,161879790,Red Fox,"We saw this coming out of the thick marsh near the Matanzas River , and have seen a red Fox a few at her times in the area!",red Fox,seen,River; marsh,,,
168390820_0,168390820,Florida Raccoon,"Two cute raccoons playing in the pond :) Florida Raccoon (Procyon lotor elucus) observed at Winderley Pl, Maitland, FL, US.",Raccoon; Procyon lotor,playing; observed,pond,,,
180472114_0,180472114,Common Bottlenose Dolphin,Not sure what species of dolphin would this be Common Bottlenose Dolphin (Tursiops truncatus) observed at Clearwater Beach.,Common Bottlenose Dolphin; dolphin; Tursiops truncatus,observed,Beach,,,
187416692_3,187416692,Florida Gray Squirrel,"Urban location Florida Gray Squirrel (Sciurus carolinensis extimus) observed at University of South Florida, Tampa, FL, US.",Gray Squirrel; Sciurus carolinensis,observed,Urban,,,
192153558_1,192153558,American Black Bear,"American Black Bear (Ursus americanus) observed at Dagny Johnson Key Largo Hammock Botanical State Park, Key Largo, FL, US.",Black Bear,observed,Park; Hammock,,,
196644173_6,196644173,North American River Otter,"North American River Otter (Lontra canadensis) observed at Florida, Pasco, Aripeka area, the former Old Belcher Mines Park.",North American River Otter; Lontra canadensis,observed,Park,,,
212416204_0,212416204,Common Bottlenose Dolphin,"Lots of playful dolphins out on the bay today Common Bottlenose Dolphin (Tursiops truncatus) observed at Tampa Bay, FL, US.",Tursiops truncatus; Common Bottlenose Dolphin,observed,Tampa Bay; bay,,,
223454482_0,223454482,Common Bottlenose Dolphin,"Saw a pod consisting of 5 dolphins Common Bottlenose Dolphin (Tursiops truncatus) observed at North Atlantic Ocean, FL, US.",Tursiops truncatus; Common Bottlenose Dolphin,observed,Ocean,,,
245626490_0,245626490,Eastern Cottontail,"The rabbit is cleaning its legs Eastern Cottontail (Sylvilagus floridanus) observed at Cabbage Island, Lake Placid, FL, US.",rabbit; Sylvilagus floridanus; Eastern Cottontail,observed,Lake,,,
254109914_0,254109914,Mexican Long-nosed Armadillo,"For more follow me on Mexican Long-nosed Armadillo (Dasypus mexicanus) observed at Alafia River State Park, Lithia, FL, US.",Mexican Long-nosed Armadillo,observed,River; Park,,,
255309691_0,255309691,Mexican Long-nosed Armadillo,"Global Roadkill Project Mexican Long-nosed Armadillo (Dasypus mexicanus) observed at The Oaks At Lake Front, FL 32953, USA.",Mexican Long-nosed Armadillo,observed,Lake,,,
170944181_10,170944181,Mexican Long-nosed Armadillo,"Mexican Long-nosed Armadillo (Dasypus mexicanus) observed at San Felasco Hammock Preserve State Park, Gainesville, FL, US.",Mexican Long-nosed Armadillo,observed,Park; Hammock,,,
187662387_0,187662387,Wild Boar,"This animal was killed in a a vehicular collision Wild Boar (Sus scrofa) observed at White Pond Church Rd, Alford, FL, US.",Sus scrofa; Wild Boar,observed,Pond,,,
223328017_0,223328017,Coyote,"seen at night- poor quality due to old phone Coyote (Canis latrans) observed at Woody Creek Dr, Ponte Vedra Beach, FL, US.",Coyote; Canis latrans,observed; seen,Beach; Creek,,,
246912787_0,246912787,Red Fox,"Went after a duck in this little pond - seemed unafraid of my car Red Fox (Vulpes vulpes) observed at Gainesville, FL, US.",Red Fox; Vulpes vulpes,observed,pond,,,
179076203_0,179076203,Florida Manatee,"Found at silver springs state park Florida Manatee (Trichechus manatus latirostris) observed at Marion County, US-FL, US.",Florida Manatee; Trichechus manatus latirostris,Found; observed,park,,,
196591523_0,196591523,Eastern Cottontail,"Rabbits by the neighborhood pond Eastern Cottontail (Sylvilagus floridanus) observed at NW Federal Hwy N, Stuart, FL, US.",Sylvilagus floridanus; Eastern Cottontail,observed,pond; neighborhood,,,
241482403_0,241482403,Domestic Cat,"black cat at lake!! he s good luck Domestic Cat (Felis catus) observed at University of Central Florida, Orlando, FL, US.",cat; Felis catus; Domestic Cat,observed,lake,,,
256136663_5,256136663,Common Bottlenose Dolphin,"Common Bottlenose Dolphin (Tursiops truncatus) observed at Florida, Hernando, Pine Island, Bayview Avenue, Crawford yard.",Tursiops truncatus; Common Bottlenose Dolphin,observed,yard,,,
161533407_0,161533407,Hispid Cotton Rat,- Photos taken along the Marsh Trail - See additional photos Hispid Cotton Rat (Sigmodon hispidus) observed at Arthur R.,Sigmodon hispidus; Hispid Cotton Rat,observed,Trail; Marsh,,,
187174749_0,187174749,Mexican Long-nosed Armadillo,Deuterostome - armadillo Phylum chordata Mexican Long-nosed Armadillo (Dasypus mexicanus) observed at lettuce lake park.,Mexican Long-nosed Armadillo; armadillo,observed,lake; park,,,
219589208_0,219589208,Eastern Cottontail,"- See additional photo My backyard Eastern Cottontail (Sylvilagus floridanus) observed at (west) Boynton Beach, FL, USA.",Sylvilagus floridanus; Eastern Cottontail,observed,backyard; Beach,,,
247369612_0,247369612,Domestic Cat,"I think this is a cat skull, poor thing : Domestic Cat (Felis catus) observed at Lancaster Park, Orlando, FL 32806, USA.",cat; Felis catus; Domestic Cat,observed,Park,,,
149769690_0,149769690,North American River Otter,"Eating a fish in pic 1 North American River Otter (Lontra canadensis) observed at Field Brook Ln, Jacksonville, FL, US.",North American River Otter; Lontra canadensis,observed; Eating,Field,,,
235417071_0,235417071,Florida Gray Squirrel,"North Jupiter Flatwoods Natural Area Florida Gray Squirrel (Sciurus carolinensis extimus) observed at Jupiter, FL, USA.",Gray Squirrel; Sciurus carolinensis,observed,Flatwoods,,,
242012653_0,242012653,Coyote,"Telogia Creek Wildlife Management Area, Hosford, Liberty County, FL Coyote (Canis latrans) observed at Hosford, FL, US.",Coyote; Canis latrans,observed,Creek,,,
256379234_0,256379234,Common Bottlenose Dolphin,"Approx. 5 individuals traveling Common Bottlenose Dolphin (Tursiops truncatus) observed at Indian Rocks Beach, FL, USA.",Tursiops truncatus; Common Bottlenose Dolphin,traveling; observed,Beach,,,
199824824_0,199824824,Eastern Cottontail,"2 rabbits seen on UCF campus Eastern Cottontail (Sylvilagus floridanus) observed at Lake Nona South, Orlando, FL, USA.",Sylvilagus floridanus; Eastern Cottontail,observed; seen,Lake,,,
208006114_1,208006114,Eastern Cottontail,"Eastern Cottontail (Sylvilagus floridanus) observed at Fairways Country Club Mobile Home Park, Florida, United States.",Sylvilagus floridanus; Eastern Cottontail,observed,Park,,,
295530873_0,295530873,Domestic Rabbit,"rabbits watching sunset Domestic Rabbit (Oryctolagus cuniculus domesticus) observed at Pond Ridge Cir, Weston, FL, US.",Rabbit,observed,Pond,,,
150979821_1,150979821,Mexican Long-nosed Armadillo,"Mexican Long-nosed Armadillo (Dasypus mexicanus) observed at Paynes Prairie Preserve State Park, Gainesville, FL, US.",Mexican Long-nosed Armadillo,observed,Paynes Prairie; Park,,,
165074245_0,165074245,Gray Fox,"Saw 2, they were very curious of me Gray Fox (Urocyon cinereoargenteus) observed at North Miami Beach, FL 33169, USA.",Gray Fox; Urocyon cinereoargenteus,observed,Beach,,,
192394945_3,192394945,Eastern Black Bear,"All of my observations from today: Eastern Black Bear (Ursus americanus americanus) observed at Big Cypress, FL, USA.",Black Bear,observed,Big Cypress,,,
196641756_9,196641756,Domestic Cat,"No animals are permitted in the park, and this cat was prowling around the bathrooms, probably hunting Palm Warblers.",cat,hunting,park,,,
223188013_0,223188013,Domestic Cat,"parking lot cat. was seen near the bird in the previous obs Domestic Cat (Felis catus) observed at Westview, FL, USA.",cat; Felis catus; Domestic Cat,observed; seen,parking lot,,,
225853353_0,225853353,Hispid Cotton Rat,"Kissimmee Prairie Preserve near sunset Hispid Cotton Rat (Sigmodon hispidus) observed at Okeechobee County, FL, USA.",Sigmodon hispidus; Hispid Cotton Rat,observed,Prairie,,,
252180030_0,252180030,North American River Otter,They brought a huge fish to shore to have a meal North American River Otter (Lontra canadensis) observed at Port St.,North American River Otter; Lontra canadensis,observed,shore,,,
166937854_6,166937854,Southeastern Pocket Gopher,"Southeastern Pocket Gopher (Geomys pinetis) observed at Florida, Citrus, Withlacoochee State Forest, Citrus Tract.",Geomys pinetis; Southeastern Pocket Gopher,observed,Forest,,,
254111201_2,254111201,Domestic Rabbit,"Lucky Bunny Domestic Rabbit (Oryctolagus cuniculus domesticus) observed at First St N, Jacksonville Beach, FL, US.",Rabbit,observed,Beach,,,
263784687_0,263784687,North American River Otter,"SWA Greenway Trail System North American River Otter (Lontra canadensis) observed at Palm Beach County, US-FL, US.",North American River Otter; Lontra canadensis,observed,Trail; Beach,,,
179031703_0,179031703,American Black Bear,"Mother and two cubs seen crossing road American Black Bear (Ursus americanus) observed at Monroe County, FL, USA.",Black Bear,crossing; observed; seen,road,,,
194414681_0,194414681,Common Bottlenose Dolphin,"ecoEXPLORE Username: colettelkw Common Bottlenose Dolphin (Tursiops truncatus) observed at Bay County, US-FL, US.",Tursiops truncatus; Common Bottlenose Dolphin,observed,Bay,,,
